Metric,Value
MAE,1248.1212418699188
MSE,3193302.4442782626
RMSE,1786.981377708862
R2 Score,0.9595497871948259
